family,sub_family,description,date_start,date_end,n_variants,n_variants_alt_convention,count_convention,count_is_estimate,holdout_touched,trial_daily_sharpes_known,sharpe_frequency,sharpe_values_per_period,conversion,source_file,source_entry_index,evidence_ref,notes
combination,audit,docs/portfolio_construction_diagnosis.md,2026-07-26,2026-07-26,2,2,full candidate grid incl baseline,false,yes,no,,,none,docs/combination_trial_history.json,0,docs/combination_trial_history.json entries[0],Sharpes not retained
combination,audit,docs/portfolio_construction_diagnosis.md follow-up: regime_hmm separation fix A/B,2026-07-27,2026-07-27,2,2,full candidate grid incl baseline,false,yes,no,,,none,docs/combination_trial_history.json,1,docs/combination_trial_history.json entries[1],Sharpes not retained
combination,audit,docs/portfolio_construction_diagnosis.md follow-up: circuit breaker A/B,2026-07-27,2026-07-27,2,2,full candidate grid incl baseline,false,yes,no,,,none,docs/combination_trial_history.json,2,docs/combination_trial_history.json entries[2],Sharpes not retained
combination,audit,docs/formal_pbo_audit.md first audit,2026-07-27,2026-07-27,3,3,full candidate grid incl baseline,false,yes,no,,,none,docs/combination_trial_history.json,3,docs/combination_trial_history.json entries[3],Sharpes not retained
combination,audit,docs/formal_pbo_audit.md turnover-fix,2026-08-23,2026-08-23,2,2,full candidate grid incl baseline,false,yes,no,,,none,docs/combination_trial_history.json,4,docs/combination_trial_history.json entries[4],Sharpes not retained
combination,audit,docs/remediation_progress.md #58 zscore_demean,2026-08-23,2026-08-23,2,2,full candidate grid incl baseline,false,yes,no,,,none,docs/combination_trial_history.json,5,docs/combination_trial_history.json entries[5],Sharpes not retained
combination,audit,docs/formal_pbo_audit.md concentration,2026-08-23,2026-08-23,2,2,full candidate grid incl baseline,false,yes,no,,,none,docs/combination_trial_history.json,6,docs/combination_trial_history.json entries[6],Sharpes not retained
combination,audit,docs/formal_pbo_audit.md joint_optimizer v1,2026-08-23,2026-08-23,4,4,full candidate grid incl baseline,false,yes,no,,,none,docs/combination_trial_history.json,7,docs/combination_trial_history.json entries[7],Sharpes not retained
combination,audit,docs/formal_pbo_audit.md joint_optimizer v2,2026-08-24,2026-08-24,4,4,full candidate grid incl baseline,false,yes,no,,,none,docs/combination_trial_history.json,8,docs/combination_trial_history.json entries[8],Sharpes not retained
combination,audit,docs/formal_pbo_audit.md joint_optimizer v3,2026-08-24,2026-08-24,4,4,full candidate grid incl baseline,false,yes,no,,,none,docs/combination_trial_history.json,9,docs/combination_trial_history.json entries[9],Sharpes not retained
combination,audit,docs/formal_pbo_audit.md PART 3 phase 1 stat_arb pairs,2026-08-24,2026-08-24,5,5,full candidate grid incl baseline,false,yes,no,,,none,docs/combination_trial_history.json,10,docs/combination_trial_history.json entries[10],Sharpes not retained
combination,audit,docs/formal_pbo_audit.md PART 3 phase 3 seasonality overlay,2026-08-25,2026-08-25,6,6,full candidate grid incl baseline,false,yes,no,,,none,docs/combination_trial_history.json,11,docs/combination_trial_history.json entries[11],Sharpes not retained
combination,audit,docs/formal_pbo_audit.md PART 3 phase 4 macro overlay,2026-08-25,2026-08-25,7,7,full candidate grid incl baseline,false,yes,no,,,none,docs/combination_trial_history.json,12,docs/combination_trial_history.json entries[12],Sharpes not retained
combination,audit,docs/ensemble_redundancy_audit_2026_09.md D1 full vs lean roster,2026-09-27,2026-09-27,2,2,full candidate grid incl baseline,false,yes,no,,,none,docs/combination_trial_history.json,13,docs/combination_trial_history.json entries[13],Sharpes not retained
combination,audit,scripts/run_combination_evaluation.py (96bf26c8aa81),2026-09-28,2026-09-28,5,5,full candidate grid incl baseline,false,yes,yes,annualised,-0.0435633;-0.0338423;-0.03286;-0.020223;-0.0147023,SR_d = SR_a/sqrt(252),docs/combination_trial_history.json,14,docs/combination_trial_history.json entries[14],oos_sharpes in the file are annualised; converted per-period here
combination,audit,scripts/run_combination_evaluation.py (96bf26c8aa81),2026-09-30,2026-09-30,5,5,full candidate grid incl baseline,false,yes,yes,annualised,-0.014009;-0.0460345;0.0193844;-0.00415646;-0.015378,SR_d = SR_a/sqrt(252),docs/combination_trial_history.json,15,docs/combination_trial_history.json entries[15],oos_sharpes in the file are annualised; converted per-period here
pattern_ml,walk_forward,"docs/pattern_recognition_plan.md section 8.2 (scripts/validate_pattern_cnn_walkforward.py, first run)",2026-09-25,2026-09-25,16,2,folds x candidates (alt = candidate configs),false,yes,no,,,none,docs/pattern_ml_trial_history.json,0,docs/pattern_ml_trial_history.json entries[0],8 folds x 2 candidates; fold-4 test window reused
pattern_ml,walk_forward,docs/pattern_recognition_plan.md section 9.9; data/models/pattern_recognition.walkforward_audit.json,2026-09-26,2026-09-26,24,3,folds x candidates (alt = candidate configs),false,yes,no,,,none,docs/pattern_ml_trial_history.json,1,docs/pattern_ml_trial_history.json entries[1],8 folds x 3 candidates; fold-4 test window reused
pattern_ml,walk_forward,"docs/pattern_ml_isolated_evaluation_2026_09.md section 3 (isolated single-strategy walk-forward, retrained models)",2026-09-27,2026-09-27,16,2,folds x candidates (alt = candidate configs),false,yes,no,,,none,docs/pattern_ml_trial_history.json,2,docs/pattern_ml_trial_history.json entries[2],8 folds x 2 candidates; fold-4 test window reused
pattern_ml,walk_forward,scripts/validate_pattern_ml_workstream_d.py (Workstream D pre-registered evaluation),2026-09-27,2026-09-27,48,6,folds x candidates (alt = candidate configs),false,yes,no,,,none,docs/pattern_ml_trial_history.json,3,docs/pattern_ml_trial_history.json entries[3],8 folds x 6 candidates; fold-4 test window reused
standalone_strategy,,11 strategies standalone eval,2026-09-30,2026-09-30,11,11,per strategy,false,yes,yes,daily,-0.012654;-0.0350307;-0.0979954;-0.196171;-0.214756;-0.168992;0.00599992;-0.070882;-0.163222;-0.0887956;-0.105314,none,docs/standalone_strategy_trial_history.json,0,docs/standalone_strategy_trial_history.json entries[0],
alt_premia,,7 candidates + benchmarks,2026-09-29,2026-09-29,10,10,per trial,false,yes,yes,daily,0.0178167;0.0300637;0.0131506;0.0871422;0.0185433;0.0292053;0.0519039;0.0446536;0.0417597;0.0466306,none,docs/alt_premia_trial_history.json,0,docs/alt_premia_trial_history.json entries[0],
insider_cluster,,insider cluster variants,2026-09-30,2026-09-30,8,8,per trial,false,yes,yes,daily,0.0153399;0.0153389;0.0153497;0.0153488;0.0154637;0.0154617;0.0154932;0.0154912,none,docs/insider_cluster_trial_history.json,0,docs/insider_cluster_trial_history.json entries[0],
eodhd_s1,,industry ETF momentum,2026-09-30,2026-09-30,4,4,per trial,false,yes,yes,daily,0.0271299;0.030682;0.0244303;0.026601,none,docs/S1_trial_history.json,0,docs/S1_trial_history.json entries[0],
eodhd_s2,,breadth overlay on 60/40,2026-09-30,2026-09-30,4,4,per trial,false,yes,yes,daily,0.0440046;0.0386812;0.0461376;0.0425693,none,docs/S2_trial_history.json,0,docs/S2_trial_history.json entries[0],S2 uses the cash-excess governing series; bm2-excess series is descriptive only
eodhd_s3,,bond/commodity trend,2026-09-30,2026-09-30,5,5,per trial,false,yes,yes,daily,0.00980495;0.0152524;0.0181658;0.0380272;0.0385055,none,docs/S3_trial_history.json,0,docs/S3_trial_history.json entries[0],
eodhd_s4,,52-week-high,2026-10-01,2026-10-01,4,4,per trial,false,yes,yes,daily,0.0337793;0.035284;0.0196086;0.0225766,none,docs/S4_trial_history.json,0,docs/S4_trial_history.json entries[0],
eodhd_s5,,crypto cross-sectional momentum,2026-09-30,2026-09-30,3,3,per trial (len variant_names),false,yes,yes,daily,0.0278534;0.0260553;0.0318324,none,docs/s5_trial_history.json,0,docs/s5_trial_history.json entries[0],"file has no n_trials, no family key and no cumulative_trials; count = len(variant_names)"
allocation_forward_test,,forward test only,,,0,0,"forward test, not a backtest family",false,no,no,,,none,docs/allocation_forward_test_trial_history.json,0,docs/allocation_forward_test_trial_history.json entries[0],zero-trial shape; loader adapters skip it explicitly
gann,,IC ablation 10 + followup 3 + swing event 8 + correct_cycles 24 natural + 20 price-derived + multiasset 10 + 42 + 1 (=118 read from archive scripts) + anniversary/squaring grids not read (27 upper estimate),2026-06-09,2026-07-26,145,8,config-level (alt = source plan's 8 experiments; lower bound),true,yes,no,,,none,origin/research/gann-archive,,"git show origin/research/gann-archive:scripts/gann_{ic,followup,swing_event,correct_cycles,multiasset,anniversary,squaring_event}_study.py; docs/gann_research_closeout.md","118 = counted from grids in 5 archive scripts; 27 = upper estimate for anniversary/squaring scripts counted from CLI defaults only (3 cycles x 2 pivot orders x tolerance, 4 thresholds x 2 pivot orders, range projections). Owner must sign ~145 not 8 (OD-09)."
pre_ledger_ab,,regime-weights v1/v2/v2-soft + HMM on/off + rebalance band/fraction + max_positions + vol target + analyst-ratings/danelfin/percentile on 3 diagnostic windows,2026-06-09,2026-07-25,20,,estimate,true,yes,no,,,none,docs/remediation_progress.md; docs/archive/strategy_regime_weights_calibration.md,,docs/remediation_progress.md; docs/archive/strategy_regime_weights_calibration.md,estimate fixed by P0-05 ticket sketch; earliest tuning (6/9..7/25) is in no ledger; overlap with danelfin not de-duplicated
strategy_construction,,13 strategies built + 38 defects fixed + 25-name universe chosen with hindsight,2026-06-09,2026-07-25,39,,13 x 3 placeholder,true,unknown (assume yes),no,,,none,docs/remediation_progress.md; docs/edge_search_verdict_2026_09.md,,docs/remediation_progress.md; docs/edge_search_verdict_2026_09.md,"13 strategies x 3 placeholder variants each; method fixed by ticket sketch; holdout status unknown, assumed touched"
pattern_pre_9_25,,ATR detection + quality thresholds + Part A 7 + Part B 6 + retrains + golden benchmark,2026-09-09,2026-09-24,20,,estimate,true,yes (train_pattern_ml.py:292 trailing holdout reused),no,,,none,docs/pattern_recognition_plan.md; docs/pattern_ml_final_verdict_2026_09.md; docs/pattern_ml_isolated_evaluation_2026_09.md,,docs/pattern_recognition_plan.md (git: first 2026-09-09),estimate fixed by ticket sketch: 7 + 6 enumerated parts plus thresholds/retrains/benchmark; entries on/after 9/25 are in the pattern_ml ledger
danelfin,,ai_score + live_signals + best_stocks arm + market_percentile (extra beyond overlap with pre_ledger_ab),2026-07-31,2026-08-16,8,,estimate,true,yes,no,,,none,docs/remediation_progress.md; docs/danelfin_best_stocks_arm.md,,docs/danelfin_best_stocks_arm.md (git: 2026-07-31..2026-08-16),estimate fixed by ticket sketch; not de-duplicated against pre_ledger_ab
llm_configs,,"arm A/B + temperature + fallback chain changes (forward, not backtest)",2026-07-29,2026-09-08,6,,estimate,true,no (live-forward),no,,,none,docs/llm_ab_experiment_log.md,,docs/llm_ab_experiment_log.md (git: 2026-07-29..2026-09-08),"estimate fixed by ticket sketch; counted although forward, because the DSR charge is for configurations tried"
sleeves_allocation,,sleeved-vs-blended A/B (~2) + allocation build configs (~8),2026-09-09,2026-09-30,10,,estimate,true,yes,no,,,none,docs/capital_sleeves_plan.md; docs/allocation_portfolio_backtest_2026_09.json,,docs/capital_sleeves_plan.md (git: 2026-09-09..2026-09-10); docs/allocation_portfolio_backtest_2026_09.json (2026-09-30),estimate fixed by ticket sketch: 2 + 8
reruns_after_results,,S4 governing run 3 (f0fa1cb ba52b36) + S2 re-evaluation (e95649a 32eca01) + S3/S5 fixes + 9/28 combination re-run,2026-09-28,2026-10-01,5,,estimate,true,yes,no,,,none,git log,,"git: f0fa1cb 2026-10-01, ba52b36 2026-10-01, e95649a 2026-09-30, 32eca01 2026-09-30",estimate fixed by ticket sketch; commit hashes verified to exist; re-runs after seeing results count as new trials
